{"music_volume": 0.061111111111111144, "sfx_volume": 0.2666666666666667, "narator_volume": 0.0, "name": "User", "upload_score": true}