leaf_rate,stem_rate,root_rate,sr,time,speed,water,nitrate,leaf_mass,stem_mass,root_mass,starch_mass
0.0,0.0,0.0,0.0,375478,240,0,100000.0,0.1,0.1,0.8,100000.0
0.0,0.0,0.0,0.0,599849,240,0,100000.0,0.1,0.1,0.8,100000.0
0.0,0.0,0.0,0.0,840367,240,0,100000.0,0.1,0.1,0.8,100000.0
0.0,0.0,0.0,0.0,1082813,240,0,100000.0,0.1,0.1,0.8,100000.0
0.0,0.0,1.3510035063353687,0.0,3197991,38400,0,100000.0,0.1,0.1,0.8,100000.0
0.0,0.0,1.3510035063353687,0.0,41022976,38400,3602405.362383308,95498.51706405195,0.1,0.1,1.4978330043547452,88387.83999999992
0.0,0.0,1.3510035063353687,0.0,79270372,38400,9721867.209800776,91050.6232106747,0.1,0.1,2.1873584729433615,76913.91999999998
-0.0,-0.0,-3.518238297748356e-05,-0.0,80576006,-1,9985904.969800752,90858.70777390123,0.1,0.1,2.884499182650924,65313.27999999963
