{"music": 0.8666666666666667, "effects": 0.4111111111111111, "upload_score": true}