{"music": 0.37222222222222223, "effects": 0.3666666666666667, "upload_score": true, "name": "Daniel"}