{"music": 0.05555555555555557, "effects": 0.4111111111111111, "upload_score": true}