{"music_volume": 0.32222222222222213, "sfx_volume": 0.5944444444444444, "narator_volume": 1.0, "name": "Daniel", "upload_score": true}