{"music_volume": 0.11111111111111115, "sfx_volume": 0.611111111111111, "narator_volume": 0.5, "name": "Player"}