{"music_volume": 0.5277777777777778, "sfx_volume": 0.6833333333333335, "narator_volume": 0.3944444444444445, "name": "LLLLL", "upload_score": true}