{"music_volume": 0.16666666666666657, "sfx_volume": 0.2666666666666667, "narator_volume": 0.0, "name": "Gott", "upload_score": true}