{"aspect_ratio": [1366, 768], "music_volume": 0.2344444444444443, "sfx_volume": 0.3233333333333334, "narator_volume": 0.5344444444444444, "icon_name": "hippo", "name": "Spunky Guffawman", "score": 8.297177681445497}