{"music_volume": 0.20555555555555557, "sfx_volume": 0.2666666666666667, "narator_volume": 0.5666666666666667, "name": "Daniel", "upload_score": true}