{"music_volume": 0.44999999999999996, "sfx_volume": 0.4111111111111111, "narator_volume": 0.5722222222222222, "icon_name": "fox", "name": "Lucky Snorty", "score": 0}