{"music_volume": 0.061111111111111144, "sfx_volume": 0.2666666666666667, "narator_volume": 0.7666666666666667, "upload_score": true, "name": "Daniel"}