{"music": 0.027777777777777856, "effects": 0.3666666666666667, "upload_score": true, "name": "Daniel"}