{"aspect_ratio": [2560, 1440], "music_volume": 0.2555555555555556, "sfx_volume": 0.8, "narator_volume": 0.6666666666666667, "icon_name": "penguin", "name": "Cheeky Merrygig", "score": 29}