{"music": 0.027777777777777856, "effects": 0.16666666666666657, "upload_score": true, "name": "Player"}