{"music_volume": 0.1833333333333333, "sfx_volume": 0.5, "narator_volume": 0.611111111111111, "icon_name": "chick", "name": "Player", "score": 3.025222508550298}