{"music_volume": 0.5333333333333333, "sfx_volume": 0.3111111111111111, "narator_volume": 0.3944444444444445, "name": "Player", "upload_score": true}