{"music_volume": 0.11666666666666671, "sfx_volume": 0.37222222222222223, "narator_volume": 0.6166666666666667, "name": "LLLLL", "upload_score": true}