{"music_volume": 0.5833333333333333, "sfx_volume": 0.37222222222222223, "narator_volume": 0.9166666666666667, "name": "LLLLL", "upload_score": true}