{"music_volume": 0.1277777777777777, "sfx_volume": 0.5, "narator_volume": 0.611111111111111, "icon_name": "chick", "name": "Dinky Gigglebop", "score": 2.848267693919513}