{"music_volume": 0.5833333333333333, "sfx_volume": 0.37222222222222223, "narator_volume": 1.0, "name": "LLLLL", "upload_score": true}