{"music_volume": 0.2, "sfx_volume": 0.37222222222222223, "narator_volume": 0.19444444444444442, "name": "LLLLL", "upload_score": true}